-- MySQL Script generated by MySQL Workbench
-- Fri Jun 22 11:58:53 2018
-- Model: New Model    Version: 1.0
-- MySQL Workbench Forward Engineering

SET @OLD_UNIQUE_CHECKS=@@UNIQUE_CHECKS, UNIQUE_CHECKS=0;
SET @OLD_FOREIGN_KEY_CHECKS=@@FOREIGN_KEY_CHECKS, FOREIGN_KEY_CHECKS=0;
SET @OLD_SQL_MODE=@@SQL_MODE, SQL_MODE='TRADITIONAL,ALLOW_INVALID_DATES';

-- -----------------------------------------------------
-- Schema kristen
-- -----------------------------------------------------

-- -----------------------------------------------------
-- Schema kristen
-- -----------------------------------------------------
CREATE SCHEMA IF NOT EXISTS `kristen` DEFAULT CHARACTER SET utf8 ;
USE `kristen` ;

-- -----------------------------------------------------
-- Table `kristen`.`Carreras`
-- -----------------------------------------------------
CREATE TABLE IF NOT EXISTS `kristen`.`Carreras` (
  `idCarreras` INT NOT NULL AUTO_INCREMENT,
  `nombre` VARCHAR(45) NULL,
  PRIMARY KEY (`idCarreras`))
ENGINE = InnoDB;


-- -----------------------------------------------------
-- Table `kristen`.`Tipos_Usuario`
-- -----------------------------------------------------
CREATE TABLE IF NOT EXISTS `kristen`.`Tipos_Usuario` (
  `idTipos_Usuario` INT NOT NULL AUTO_INCREMENT,
  `nombre` VARCHAR(45) NULL,
  PRIMARY KEY (`idTipos_Usuario`))
ENGINE = InnoDB;


-- -----------------------------------------------------
-- Table `kristen`.`Usuarios`
-- -----------------------------------------------------
CREATE TABLE IF NOT EXISTS `kristen`.`Usuarios` (
  `idUsuarios` INT NOT NULL AUTO_INCREMENT,
  `nombre` VARCHAR(45) NULL,
  `contrasena` VARCHAR(12) NULL,
  `correo` VARCHAR(45) NULL,
  `idTipos_Usuario` INT NULL,
  `idCarreras` INT NULL,
  PRIMARY KEY (`idUsuarios`),
  CONSTRAINT `idTipos_Usuario`
    FOREIGN KEY (`idTipos_Usuario`)
    REFERENCES `kristen`.`Tipos_Usuario` (`idTipos_Usuario`)
    ON DELETE NO ACTION
    ON UPDATE NO ACTION,
  CONSTRAINT `idCarreras`
    FOREIGN KEY (`idCarreras`)
    REFERENCES `kristen`.`Carreras` (`idCarreras`)
    ON DELETE NO ACTION
    ON UPDATE NO ACTION)
ENGINE = InnoDB;

CREATE INDEX `idTipos_Usuario_idx` ON `kristen`.`Usuarios` (`idTipos_Usuario` ASC);

CREATE INDEX `idCarreras_idx` ON `kristen`.`Usuarios` (`idCarreras` ASC);


-- -----------------------------------------------------
-- Table `kristen`.`Tipos_Informacion`
-- -----------------------------------------------------
CREATE TABLE IF NOT EXISTS `kristen`.`Tipos_Informacion` (
  `idTipos_Informacion` INT NOT NULL AUTO_INCREMENT,
  `nombre` VARCHAR(45) NULL,
  PRIMARY KEY (`idTipos_Informacion`))
ENGINE = InnoDB;


-- -----------------------------------------------------
-- Table `kristen`.`Informacion_Institucional`
-- -----------------------------------------------------
CREATE TABLE IF NOT EXISTS `kristen`.`Informacion_Institucional` (
  `idInformacion_Institucional` INT NOT NULL AUTO_INCREMENT,
  `titulo` VARCHAR(45) NULL,
  `descripcion` VARCHAR(45) NULL,
  `portada` VARCHAR(45) NULL,
  `categorias` VARCHAR(45) NULL,
  `subtitulo` VARCHAR(45) NULL,
  `fecha` DATE NULL,
  `idTipos_Informacion` INT NULL,
  `idUsuarios` INT NULL,
  PRIMARY KEY (`idInformacion_Institucional`),
  CONSTRAINT `idTipos_Informacion`
    FOREIGN KEY (`idTipos_Informacion`)
    REFERENCES `kristen`.`Tipos_Informacion` (`idTipos_Informacion`)
    ON DELETE NO ACTION
    ON UPDATE NO ACTION,
  CONSTRAINT `id_Usuarios`
    FOREIGN KEY (`idUsuarios`)
    REFERENCES `kristen`.`Usuarios` (`idUsuarios`)
    ON DELETE NO ACTION
    ON UPDATE NO ACTION)
ENGINE = InnoDB;

CREATE INDEX `idTipos_Informacion_idx` ON `kristen`.`Informacion_Institucional` (`idTipos_Informacion` ASC);

CREATE INDEX `idUsuarios_idx` ON `kristen`.`Informacion_Institucional` (`idUsuarios` ASC);


-- -----------------------------------------------------
-- Table `kristen`.`Tipos_Publicacion`
-- -----------------------------------------------------
CREATE TABLE IF NOT EXISTS `kristen`.`Tipos_Publicacion` (
  `idTipos_Publicacion` INT NOT NULL,
  `nombre` VARCHAR(45) NULL,
  PRIMARY KEY (`idTipos_Publicacion`))
ENGINE = InnoDB;


-- -----------------------------------------------------
-- Table `kristen`.`Publicaciones`
-- -----------------------------------------------------
CREATE TABLE IF NOT EXISTS `kristen`.`Publicaciones` (
  `idPublicaciones` INT NOT NULL AUTO_INCREMENT,
  `titulo` VARCHAR(45) NULL,
  `descripcion` VARCHAR(250) NULL,
  `portada` VARCHAR(200) NULL,
  `categorias` VARCHAR(45) NULL,
  `subtitulo` VARCHAR(45) NULL,
  `prioridad` TINYINT(1) NULL,
  `fecha` DATE NULL,
  `idTipos_Publicacion` INT NULL,
  `idUsuarios` INT NULL,
  PRIMARY KEY (`idPublicaciones`),
  CONSTRAINT `idTipos_Publicacion`
    FOREIGN KEY (`idTipos_Publicacion`)
    REFERENCES `kristen`.`Tipos_Publicacion` (`idTipos_Publicacion`)
    ON DELETE NO ACTION
    ON UPDATE NO ACTION,
  CONSTRAINT `idUsuarios`
    FOREIGN KEY (`idUsuarios`)
    REFERENCES `kristen`.`Usuarios` (`idUsuarios`)
    ON DELETE NO ACTION
    ON UPDATE NO ACTION)
ENGINE = InnoDB;

CREATE INDEX `idTipos_Publicacion_idx` ON `kristen`.`Publicaciones` (`idTipos_Publicacion` ASC);

CREATE INDEX `idUsuarios_idx` ON `kristen`.`Publicaciones` (`idUsuarios` ASC);


-- -----------------------------------------------------
-- Table `kristen`.`Tipos_Contenidos`
-- -----------------------------------------------------
CREATE TABLE IF NOT EXISTS `kristen`.`Tipos_Contenidos` (
  `idTipos_Contenidos` INT NOT NULL AUTO_INCREMENT,
  `nombre` VARCHAR(45) NULL,
  PRIMARY KEY (`idTipos_Contenidos`))
ENGINE = InnoDB;


-- -----------------------------------------------------
-- Table `kristen`.`Contenidos`
-- -----------------------------------------------------
CREATE TABLE IF NOT EXISTS `kristen`.`Contenidos` (
  `idContenidos` INT NOT NULL AUTO_INCREMENT,
  `str_contenido` LONGTEXT NULL,
  `idTipoContenidos` INT NULL,
  PRIMARY KEY (`idContenidos`),
  CONSTRAINT `idTipoContenidos`
    FOREIGN KEY (`idTipoContenidos`)
    REFERENCES `kristen`.`Tipos_Contenidos` (`idTipos_Contenidos`)
    ON DELETE NO ACTION
    ON UPDATE NO ACTION)
ENGINE = InnoDB;

CREATE INDEX `idTipoContenidos_idx` ON `kristen`.`Contenidos` (`idTipoContenidos` ASC);


-- -----------------------------------------------------
-- Table `kristen`.`Publicacion`
-- -----------------------------------------------------
CREATE TABLE IF NOT EXISTS `kristen`.`Publicacion` (
  `idPublicacion` INT NOT NULL AUTO_INCREMENT,
  `idPublicaciones` INT NULL,
  `idContenidos` INT NULL,
  PRIMARY KEY (`idPublicacion`),
  CONSTRAINT `idContenidos`
    FOREIGN KEY (`idContenidos`)
    REFERENCES `kristen`.`Contenidos` (`idContenidos`)
    ON DELETE NO ACTION
    ON UPDATE NO ACTION,
  CONSTRAINT `id_Publicaciones`
    FOREIGN KEY (`idPublicaciones`)
    REFERENCES `kristen`.`Publicaciones` (`idPublicaciones`)
    ON DELETE NO ACTION
    ON UPDATE NO ACTION)
ENGINE = InnoDB
DEFAULT CHARACTER SET = utf8;

CREATE INDEX `idContenidos_idx` ON `kristen`.`Publicacion` (`idContenidos` ASC);

CREATE INDEX `idPublicaciones_idx` ON `kristen`.`Publicacion` (`idPublicaciones` ASC);


-- -----------------------------------------------------
-- Table `kristen`.`Informacion`
-- -----------------------------------------------------
CREATE TABLE IF NOT EXISTS `kristen`.`Informacion` (
  `idInformacion` INT NOT NULL AUTO_INCREMENT,
  `idInformacion_Institucional` INT NULL,
  `idContenidos` INT NULL,
  PRIMARY KEY (`idInformacion`),
  CONSTRAINT `id_Contenidos`
    FOREIGN KEY (`idContenidos`)
    REFERENCES `kristen`.`Contenidos` (`idContenidos`)
    ON DELETE NO ACTION
    ON UPDATE NO ACTION,
  CONSTRAINT `idInformacion_Institucional`
    FOREIGN KEY (`idInformacion_Institucional`)
    REFERENCES `kristen`.`Informacion_Institucional` (`idInformacion_Institucional`)
    ON DELETE NO ACTION
    ON UPDATE NO ACTION)
ENGINE = InnoDB;

CREATE INDEX `idContenidos_idx` ON `kristen`.`Informacion` (`idContenidos` ASC);

CREATE INDEX `idInformacion_Institucional_idx` ON `kristen`.`Informacion` (`idInformacion_Institucional` ASC);


SET SQL_MODE=@OLD_SQL_MODE;
SET FOREIGN_KEY_CHECKS=@OLD_FOREIGN_KEY_CHECKS;
SET UNIQUE_CHECKS=@OLD_UNIQUE_CHECKS;

-- -----------------------------------------------------
-- Data for table `kristen`.`Carreras`
-- -----------------------------------------------------
START TRANSACTION;
USE `kristen`;
INSERT INTO `kristen`.`Carreras` (`idCarreras`, `nombre`) VALUES (1, 'Biotecnología');
INSERT INTO `kristen`.`Carreras` (`idCarreras`, `nombre`) VALUES (2, 'Software');
INSERT INTO `kristen`.`Carreras` (`idCarreras`, `nombre`) VALUES (3, 'Financiera');
INSERT INTO `kristen`.`Carreras` (`idCarreras`, `nombre`) VALUES (4, 'Biomédica');
INSERT INTO `kristen`.`Carreras` (`idCarreras`, `nombre`) VALUES (5, 'Admón. y PyMEs');
INSERT INTO `kristen`.`Carreras` (`idCarreras`, `nombre`) VALUES (6, 'General');

COMMIT;


-- -----------------------------------------------------
-- Data for table `kristen`.`Tipos_Usuario`
-- -----------------------------------------------------
START TRANSACTION;
USE `kristen`;
INSERT INTO `kristen`.`Tipos_Usuario` (`idTipos_Usuario`, `nombre`) VALUES (1, 'Dir_Carrera');
INSERT INTO `kristen`.`Tipos_Usuario` (`idTipos_Usuario`, `nombre`) VALUES (2, 'Vinculacion');
INSERT INTO `kristen`.`Tipos_Usuario` (`idTipos_Usuario`, `nombre`) VALUES (3, 'Serv_Escolares');
INSERT INTO `kristen`.`Tipos_Usuario` (`idTipos_Usuario`, `nombre`) VALUES (4, 'Prensa_Difusion');
INSERT INTO `kristen`.`Tipos_Usuario` (`idTipos_Usuario`, `nombre`) VALUES (5, 'Admin_Intitucion');

COMMIT;


-- -----------------------------------------------------
-- Data for table `kristen`.`Usuarios`
-- -----------------------------------------------------
START TRANSACTION;
USE `kristen`;
INSERT INTO `kristen`.`Usuarios` (`idUsuarios`, `nombre`, `contrasena`, `correo`, `idTipos_Usuario`, `idCarreras`) VALUES (1, 'Mario Gutierrez', '123456', 'marioupqroo@gmail.com', 1, 2);
INSERT INTO `kristen`.`Usuarios` (`idUsuarios`, `nombre`, `contrasena`, `correo`, `idTipos_Usuario`, `idCarreras`) VALUES (2, 'Juan Perez', '654321', 'juanupqroo@gmail.com', 1, 1);
INSERT INTO `kristen`.`Usuarios` (`idUsuarios`, `nombre`, `contrasena`, `correo`, `idTipos_Usuario`, `idCarreras`) VALUES (3, 'Carmen Garcia', '987654', 'carmenupqroo@gmail.com', 4, 6);
INSERT INTO `kristen`.`Usuarios` (`idUsuarios`, `nombre`, `contrasena`, `correo`, `idTipos_Usuario`, `idCarreras`) VALUES (4, 'Roberto Fuentes', '741236', 'robertoupqroo@gmail.com', 3, 6);
INSERT INTO `kristen`.`Usuarios` (`idUsuarios`, `nombre`, `contrasena`, `correo`, `idTipos_Usuario`, `idCarreras`) VALUES (5, 'Carlos Maritinez', '789632', 'carlosupqroo@gmail.com', 2, 6);
INSERT INTO `kristen`.`Usuarios` (`idUsuarios`, `nombre`, `contrasena`, `correo`, `idTipos_Usuario`, `idCarreras`) VALUES (6, 'Esteban Diaz', '456321', 'estebanupqroo@gmail.com', 5, 6);

COMMIT;


-- -----------------------------------------------------
-- Data for table `kristen`.`Tipos_Publicacion`
-- -----------------------------------------------------
START TRANSACTION;
USE `kristen`;
INSERT INTO `kristen`.`Tipos_Publicacion` (`idTipos_Publicacion`, `nombre`) VALUES (1, 'Evento');
INSERT INTO `kristen`.`Tipos_Publicacion` (`idTipos_Publicacion`, `nombre`) VALUES (2, 'Noticias');
INSERT INTO `kristen`.`Tipos_Publicacion` (`idTipos_Publicacion`, `nombre`) VALUES (DEFAULT, '');

COMMIT;

